user_id,ok,cutoff_pct,cutoff_submission_id,hist_submissions,hist_attempted_unique,hist_solved,hist_attempted_median_diff,hist_solved_median_diff,reco_k,reco_median_diff,reco_easy_share,reco_in_band_share,reco_score_std,flags
1,1,0.5,174851,175,101,55,5.0,4.0,10,2.0,1.0,1.0,2.9802322387695312e-08,"easy_bias_vs_history,score_plateau_topk"
2,1,0.5,144865,105,84,56,5.0,5.0,10,5.0,0.0,1.0,0.0005676043801940978,
3,1,0.5,161239,123,89,60,4.0,4.0,10,4.0,0.0,1.0,2.9802322387695312e-08,score_plateau_topk
4,1,0.5,151452,139,122,107,4.5,4.0,10,7.0,0.0,1.0,0.00440527219325304,
5,1,0.5,127517,217,140,122,5.0,4.0,10,5.0,0.0,1.0,0.0,score_plateau_topk
6,1,0.5,161910,116,87,55,4.0,4.0,10,4.0,0.0,1.0,0.0,score_plateau_topk
7,1,0.5,154498,141,87,44,5.0,4.0,10,2.0,1.0,1.0,0.0004258706176187843,easy_bias_vs_history
8,1,0.5,134184,195,97,46,5.0,3.0,10,1.0,0.9,0.6,0.07419251650571823,
9,1,0.5,130980,148,128,117,4.0,4.0,10,7.0,0.0,1.0,0.00041962266550399363,
10,1,0.5,148525,311,130,90,5.0,4.0,10,2.0,0.8,1.0,0.0007374148117378354,easy_bias_vs_history
11,1,0.5,163722,81,73,37,5.0,4.0,10,4.0,0.0,1.0,2.9802322387695312e-08,score_plateau_topk
12,1,0.5,148778,89,79,55,4.0,4.0,10,5.0,0.0,1.0,0.0,score_plateau_topk
13,1,0.5,149062,101,85,60,5.0,4.0,10,5.0,0.0,1.0,0.00021057127742096782,
14,1,0.5,133518,124,87,47,5.0,5.0,10,3.0,0.0,1.0,2.9802322387695312e-08,score_plateau_topk
15,1,0.5,149263,81,78,50,5.0,4.5,10,5.0,0.0,1.0,2.9802322387695312e-08,score_plateau_topk
16,1,0.5,164197,121,93,64,5.0,5.0,10,5.0,0.0,1.0,0.004623434506356716,
17,1,0.5,171658,93,83,43,4.0,4.0,10,4.0,0.0,1.0,0.0,score_plateau_topk
18,1,0.5,159805,119,111,94,5.0,4.0,10,7.0,0.0,1.0,2.9802322387695312e-08,score_plateau_topk
19,1,0.5,148984,68,66,32,5.0,5.0,10,5.0,0.0,1.0,0.004647573456168175,
20,1,0.5,146347,131,109,92,5.0,5.0,10,6.0,0.0,1.0,0.0002946495951618999,
21,1,0.5,159258,167,130,112,5.0,5.0,10,6.0,0.0,1.0,0.00012894273095298558,
22,1,0.5,154806,195,110,76,5.0,4.0,10,3.0,0.0,1.0,0.0025209293235093355,
23,1,0.5,147301,59,54,10,5.0,4.5,10,2.0,1.0,1.0,2.9802322387695312e-08,"easy_bias_vs_history,score_plateau_topk"
24,1,0.5,161202,233,129,103,5.0,5.0,10,4.0,0.0,1.0,0.002417721087113023,
25,1,0.5,154661,137,86,41,5.0,5.0,10,2.0,1.0,1.0,0.0,"easy_bias_vs_history,score_plateau_topk"
26,1,0.5,170191,135,116,97,5.0,5.0,10,6.0,0.0,1.0,2.9802322387695312e-08,score_plateau_topk
27,1,0.5,158680,93,85,58,4.0,4.0,10,5.0,0.0,1.0,2.9802322387695312e-08,score_plateau_topk
28,1,0.5,161422,123,98,73,4.0,4.0,10,5.0,0.0,1.0,2.9802322387695312e-08,score_plateau_topk
29,1,0.5,148787,115,75,31,5.0,3.0,10,2.0,1.0,1.0,0.0012059254804626107,
30,1,0.5,145818,247,145,126,5.0,5.0,10,4.0,0.0,1.0,0.013998053967952728,
31,1,0.5,153440,123,96,69,5.0,4.0,10,5.0,0.0,1.0,0.0007493287557736039,
32,1,0.5,144749,135,113,95,5.0,5.0,10,6.0,0.0,1.0,5.960464477539063e-08,score_plateau_topk
33,1,0.5,126742,83,62,33,4.0,4.0,10,3.0,0.0,1.0,0.0,score_plateau_topk
34,1,0.5,148099,145,119,85,5.0,5.0,10,5.0,0.0,1.0,9.245574619853869e-05,score_plateau_topk
35,1,0.5,143406,149,113,77,5.0,4.0,10,4.0,0.0,1.0,0.018062444403767586,
36,1,0.5,139413,133,102,68,5.0,5.0,10,4.0,0.0,1.0,0.0,score_plateau_topk
37,1,0.5,163107,181,131,109,5.0,5.0,10,6.0,0.0,1.0,0.005316470749676228,
38,1,0.5,164863,207,143,133,5.0,5.0,10,6.0,0.0,1.0,2.9802322387695312e-08,score_plateau_topk
39,1,0.5,147051,213,126,91,5.0,5.0,10,3.0,0.0,1.0,2.9802322387695312e-08,score_plateau_topk
40,1,0.5,134751,85,68,23,5.0,5.0,10,3.0,0.0,1.0,0.002584272064268589,
41,1,0.5,148830,112,85,55,5.0,5.0,10,5.0,0.0,1.0,0.004641253501176834,
42,1,0.5,156978,195,129,74,5.0,4.0,10,3.0,0.0,1.0,0.002757405396550894,
43,1,0.5,151256,147,107,77,5.0,4.0,10,5.0,0.0,1.0,0.00487061683088541,
44,1,0.5,149029,189,116,83,5.0,5.0,10,4.0,0.0,1.0,0.002391936257481575,
45,1,0.5,165107,167,119,87,5.0,5.0,10,5.0,0.0,1.0,0.004653445445001125,
46,1,0.5,134421,106,95,76,5.0,4.0,10,6.0,0.0,1.0,0.00015310943126678467,
47,1,0.5,136801,173,117,67,5.0,4.0,10,3.0,0.0,1.0,0.0029312768019735813,
48,1,0.5,159648,123,113,81,5.0,4.0,10,6.0,0.0,1.0,0.00025850237580016255,
49,1,0.5,138586,135,109,86,5.0,5.0,10,6.0,0.0,1.0,4.560650631901808e-05,score_plateau_topk
50,1,0.5,164940,127,93,50,5.0,4.0,10,3.0,0.0,1.0,0.000840850465465337,
51,1,0.5,163632,238,132,102,4.5,4.0,10,3.0,0.0,1.0,2.9802322387695312e-08,score_plateau_topk
52,1,0.5,141799,183,129,106,5.0,5.0,10,5.0,0.0,1.0,5.960464477539063e-08,score_plateau_topk
53,1,0.5,154496,100,91,63,5.0,4.0,10,6.0,0.0,1.0,0.004987393040210009,
54,1,0.5,172580,121,103,68,5.0,4.0,10,5.0,0.0,1.0,2.9802322387695312e-08,score_plateau_topk
55,1,0.5,138170,199,149,143,5.0,5.0,10,7.0,0.0,1.0,2.9802322387695312e-08,score_plateau_topk
56,1,0.5,135053,193,131,115,4.0,4.0,10,5.0,0.0,1.0,0.016246914863586426,
57,1,0.5,142980,208,121,97,5.0,5.0,10,4.0,0.0,1.0,2.9802322387695312e-08,score_plateau_topk
58,1,0.5,156735,165,103,60,4.0,4.0,10,3.0,0.0,1.0,0.0032165294978767633,
59,1,0.5,146661,172,93,45,5.0,5.0,10,1.0,0.9,1.0,0.0014864086406305432,easy_bias_vs_history
60,1,0.5,148208,167,129,103,4.0,4.0,10,6.0,0.0,1.0,0.0051739891059696674,
61,1,0.5,143253,153,136,120,5.0,5.0,10,7.0,0.0,1.0,0.0,score_plateau_topk
62,1,0.5,156036,123,110,93,5.0,5.0,10,7.0,0.0,1.0,0.004639112390577793,
63,1,0.5,137945,153,128,103,5.0,5.0,10,6.0,0.0,1.0,0.00016649419558234513,
64,1,0.5,172482,107,82,36,5.0,4.0,10,3.0,0.0,1.0,0.003224957501515746,
65,1,0.5,144156,191,134,124,5.0,5.0,10,6.0,0.0,1.0,0.0002665334613993764,
66,1,0.5,149631,219,126,98,5.0,5.0,10,4.0,0.0,1.0,0.0047104437835514545,
67,1,0.5,141313,224,161,150,5.0,5.0,10,6.0,0.0,1.0,0.0005744218942709267,
68,1,0.5,154259,122,113,93,4.0,4.0,10,7.0,0.0,1.0,0.003823172999545932,
69,1,0.5,143504,185,150,145,5.0,4.0,10,7.0,0.0,1.0,2.9802322387695312e-08,score_plateau_topk
70,1,0.5,154148,77,68,22,5.0,4.0,10,3.0,0.0,1.0,0.003181619103997946,
71,1,0.5,140766,208,134,121,5.0,4.0,10,5.0,0.0,1.0,0.0006710619200021029,
72,1,0.5,151455,187,118,77,4.0,2.0,10,3.0,0.0,1.0,0.003243642160668969,
73,1,0.5,157153,149,104,70,4.0,4.0,10,4.0,0.0,1.0,0.0,score_plateau_topk
74,1,0.5,137144,97,67,22,5.0,4.5,10,2.0,1.0,1.0,0.0012847647303715348,easy_bias_vs_history
75,1,0.5,150338,121,99,65,5.0,5.0,10,5.0,0.0,1.0,0.0013515441678464413,
76,1,0.5,161296,171,140,127,4.0,4.0,10,7.0,0.0,1.0,0.004403304774314165,
77,1,0.5,146658,145,96,66,5.0,5.0,10,4.0,0.0,1.0,0.0024014688096940517,
78,1,0.5,161727,129,93,44,5.0,3.0,10,3.0,0.0,1.0,0.003224588232114911,
79,1,0.5,151226,164,121,96,5.0,5.0,10,5.0,0.0,1.0,2.9802322387695312e-08,score_plateau_topk
80,1,0.5,157541,195,117,77,5.0,5.0,10,3.0,0.0,1.0,0.0,score_plateau_topk
81,1,0.5,143506,155,93,62,4.0,3.0,10,3.0,0.0,1.0,0.0025067671667784452,
82,1,0.5,172628,134,90,50,5.0,5.0,10,3.0,0.0,1.0,0.00030506550683639944,
83,1,0.5,137752,203,105,84,4.0,4.0,10,3.0,0.0,1.0,2.9802322387695312e-08,score_plateau_topk
84,1,0.5,168396,126,87,43,4.0,4.0,10,2.0,0.9,1.0,0.013784945011138916,easy_bias_vs_history
85,1,0.5,174343,157,130,109,5.0,5.0,10,6.0,0.0,1.0,0.0,score_plateau_topk
86,1,0.5,157192,151,114,85,5.0,4.0,10,5.0,0.0,1.0,2.9802322387695312e-08,score_plateau_topk
87,1,0.5,131359,87,80,44,5.0,4.0,10,4.0,0.0,1.0,0.014065575785934925,
88,1,0.5,147593,87,78,46,4.0,3.0,10,4.0,0.0,1.0,0.001470436924137175,
89,1,0.5,144588,254,110,78,5.0,5.0,10,2.0,0.7,1.0,0.022341463714838028,
90,1,0.5,144839,123,102,70,5.0,5.0,10,5.0,0.0,1.0,2.9802322387695312e-08,score_plateau_topk
91,1,0.5,157923,170,116,79,4.0,4.0,10,4.0,0.0,1.0,0.00030847787274979055,
92,1,0.5,145342,139,89,36,5.0,4.0,10,1.5,0.9,1.0,0.0025577833876013756,easy_bias_vs_history
93,1,0.5,162680,205,113,62,4.0,4.0,10,2.0,0.9,1.0,0.027880528941750526,easy_bias_vs_history
94,1,0.5,137589,159,110,75,5.0,4.0,10,4.0,0.0,1.0,0.0003263646794948727,
95,1,0.5,135182,223,166,152,5.0,5.0,10,6.0,0.0,1.0,0.00043096841545775533,
96,1,0.5,143062,96,87,59,4.0,3.0,10,5.0,0.0,1.0,0.0,score_plateau_topk
97,1,0.5,167983,135,98,56,5.0,5.0,10,3.0,0.0,1.0,0.0,score_plateau_topk
98,1,0.5,151832,90,81,59,5.0,4.0,10,6.0,0.0,1.0,0.0002588689385447651,
99,1,0.5,155743,233,112,86,4.0,3.0,10,3.0,0.0,1.0,0.0032225765753537416,
100,1,0.5,166697,197,116,72,5.0,4.5,10,2.0,0.7,1.0,0.02233421988785267,
101,1,0.5,142749,167,143,132,4.0,4.0,10,7.0,0.0,1.0,0.00026829971466213465,
102,1,0.5,144486,112,95,53,5.0,5.0,10,4.0,0.0,1.0,2.9802322387695312e-08,score_plateau_topk
103,1,0.5,147572,137,98,76,4.0,3.5,10,5.0,0.0,1.0,0.0006068676011636853,
104,1,0.5,134480,97,79,40,5.0,5.0,10,4.0,0.0,1.0,0.0024436120875179768,
105,1,0.5,130388,130,116,90,4.0,4.0,10,6.0,0.0,1.0,4.8578454880043864e-05,score_plateau_topk
106,1,0.5,151539,151,125,103,5.0,5.0,10,6.0,0.0,1.0,0.00016650785983074456,
107,1,0.5,147590,170,112,97,4.0,4.0,10,5.0,0.0,1.0,0.00021714270405936986,
108,1,0.5,176856,165,102,52,5.0,4.0,10,2.0,1.0,1.0,0.0,"easy_bias_vs_history,score_plateau_topk"
109,1,0.5,157511,109,94,55,6.0,5.0,10,4.0,0.0,1.0,5.960464477539063e-08,score_plateau_topk
110,1,0.5,153703,211,119,91,5.0,5.0,10,3.0,0.0,1.0,0.0,score_plateau_topk
111,1,0.5,133955,121,109,82,5.0,4.0,10,6.0,0.0,1.0,0.0002665860520210117,
112,1,0.5,148327,196,133,111,5.0,5.0,10,5.0,0.0,1.0,2.9802322387695312e-08,score_plateau_topk
113,1,0.5,150530,247,106,70,5.0,5.0,10,2.0,1.0,1.0,0.0,"easy_bias_vs_history,score_plateau_topk"
114,1,0.5,141652,124,96,60,5.0,5.0,10,4.0,0.0,1.0,0.0009637624025344849,
115,1,0.5,142125,76,74,54,5.0,4.0,10,6.0,0.0,1.0,0.0,score_plateau_topk
116,1,0.5,144021,177,129,112,5.0,5.0,10,6.0,0.0,1.0,5.460083411890082e-05,score_plateau_topk
117,1,0.5,157809,243,137,97,5.0,5.0,10,3.0,0.0,1.0,0.002405368722975254,
118,1,0.5,150317,239,133,114,5.0,5.0,10,4.0,0.0,1.0,0.0,score_plateau_topk
119,1,0.5,175330,177,112,58,4.0,4.0,10,2.0,1.0,1.0,0.0,"easy_bias_vs_history,score_plateau_topk"
120,1,0.5,147009,203,139,117,5.0,5.0,10,5.0,0.0,1.0,5.960464477539063e-08,score_plateau_topk
121,1,0.5,136836,105,91,75,5.0,5.0,10,6.0,0.0,1.0,0.0009640127536840737,
122,1,0.5,157707,272,135,120,5.0,4.0,10,4.0,0.0,1.0,0.0010230469051748514,
123,1,0.5,152167,111,81,36,5.0,5.0,10,3.0,0.1,1.0,0.019055407494306564,
124,1,0.5,133847,159,135,129,5.0,5.0,10,7.0,0.0,1.0,2.9802322387695312e-08,score_plateau_topk
125,1,0.5,168575,41,37,7,5.0,3.0,10,2.0,1.0,1.0,2.9802322387695312e-08,score_plateau_topk
126,1,0.5,143869,175,110,82,4.0,4.0,10,4.0,0.0,1.0,0.00022337437258102,
127,1,0.5,155109,106,103,81,5.0,5.0,10,7.0,0.0,1.0,0.004629023838788271,
128,1,0.5,170855,85,70,35,5.0,4.0,10,3.0,0.0,1.0,0.0009640306234359741,
129,1,0.5,137485,237,129,102,5.0,4.0,10,3.0,0.0,1.0,0.0,score_plateau_topk
130,1,0.5,141693,104,71,29,5.0,4.0,10,2.0,1.0,1.0,0.0012951161479577422,easy_bias_vs_history
131,1,0.5,158566,133,90,36,5.0,4.0,10,2.0,0.9,1.0,4.2942196159856394e-05,"easy_bias_vs_history,score_plateau_topk"
132,1,0.5,130968,121,101,75,5.0,5.0,10,6.0,0.0,1.0,0.005338185466825962,
133,1,0.5,140131,93,74,32,5.0,4.0,10,3.0,0.0,1.0,0.0007177740335464478,
134,1,0.5,151404,92,82,53,4.0,4.0,10,5.0,0.0,1.0,0.00025423988699913025,
135,1,0.5,134660,118,82,40,5.0,3.5,10,2.0,0.6,1.0,0.022145157679915428,
136,1,0.5,179811,73,59,20,5.0,5.0,10,2.0,1.0,1.0,2.9802322387695312e-08,"easy_bias_vs_history,score_plateau_topk"
137,1,0.5,161682,190,117,85,5.0,5.0,10,4.0,0.0,1.0,0.001025137840770185,
138,1,0.5,154385,95,78,46,4.0,4.0,10,4.0,0.0,1.0,2.9802322387695312e-08,score_plateau_topk
139,1,0.5,154801,165,111,83,5.0,5.0,10,4.0,0.0,1.0,5.960464477539063e-08,score_plateau_topk
140,1,0.5,150420,137,99,77,4.0,4.0,10,5.0,0.0,1.0,0.0,score_plateau_topk
141,1,0.5,170744,91,72,33,5.0,3.0,10,3.0,0.0,1.0,0.0033728538546711206,
142,1,0.5,130605,285,125,95,4.0,4.0,10,2.0,0.9,1.0,0.0006849020719528198,easy_bias_vs_history
143,1,0.5,149312,85,82,60,5.0,5.0,10,6.0,0.0,1.0,0.0,score_plateau_topk
144,1,0.5,172203,141,117,95,5.0,5.0,10,6.0,0.0,1.0,0.0014607531484216452,
145,1,0.5,151909,144,110,74,4.0,4.0,10,4.0,0.0,1.0,5.960464477539063e-08,score_plateau_topk
146,1,0.5,151328,159,140,124,5.0,5.0,10,7.0,0.0,1.0,0.0,score_plateau_topk
147,1,0.5,170982,177,95,46,5.0,3.5,10,1.0,1.0,1.0,2.9802322387695312e-08,score_plateau_topk
148,1,0.5,154898,156,131,109,5.0,5.0,10,6.0,0.0,1.0,2.9802322387695312e-08,score_plateau_topk
149,1,0.5,154347,153,85,31,5.0,4.0,10,1.0,0.9,0.1,0.08457852154970169,"easy_bias_vs_history,low_in_band_share_topk"
150,1,0.5,155794,59,49,17,5.0,4.0,10,3.0,0.0,1.0,0.003238322213292122,
151,1,0.5,150029,187,150,147,4.0,4.0,10,7.0,0.0,1.0,0.000566692731808871,
152,1,0.5,159109,199,150,133,4.0,4.0,10,6.0,0.0,1.0,0.0002815282787196338,
153,1,0.5,145515,203,144,124,4.0,4.0,10,6.0,0.0,1.0,0.0053281718865036964,
154,1,0.5,148805,155,131,109,5.0,4.0,10,6.0,0.0,1.0,2.9802322387695312e-08,score_plateau_topk
155,1,0.5,152577,122,80,45,4.5,3.0,10,2.0,1.0,1.0,0.0,score_plateau_topk
156,1,0.5,159396,189,120,83,4.0,3.0,10,3.0,0.0,1.0,5.960464477539063e-08,score_plateau_topk
157,1,0.5,143840,231,134,115,5.0,5.0,10,4.0,0.0,1.0,0.0,score_plateau_topk
158,1,0.5,140005,213,96,63,5.0,5.0,10,2.0,1.0,1.0,0.00010469555127201602,easy_bias_vs_history
159,1,0.5,175030,147,97,56,5.0,4.0,10,3.0,0.0,1.0,0.001090944278985262,
160,1,0.5,148211,119,95,64,4.0,2.5,10,4.0,0.0,1.0,2.9802322387695312e-08,score_plateau_topk
161,1,0.5,155272,101,94,61,5.0,4.0,10,5.0,0.0,1.0,5.960464477539063e-08,score_plateau_topk
162,1,0.5,162052,69,64,33,5.0,4.0,10,4.0,0.0,1.0,2.9802322387695312e-08,score_plateau_topk
163,1,0.5,153415,199,124,103,4.0,4.0,10,4.0,0.0,1.0,0.0,score_plateau_topk
164,1,0.5,148026,149,107,77,5.0,4.0,10,5.0,0.0,1.0,0.00468288641422987,
165,1,0.5,142931,119,86,52,5.0,4.0,10,3.0,0.0,1.0,0.0009626895189285278,
166,1,0.5,107716,79,60,25,4.0,3.0,10,2.0,1.0,1.0,0.0,score_plateau_topk
167,1,0.5,168224,219,144,114,5.0,5.0,10,5.0,0.0,1.0,0.004640970379114151,
168,1,0.5,149785,211,111,86,5.0,4.5,10,3.0,0.0,1.0,0.002433606656268239,
169,1,0.5,167325,66,56,20,5.5,4.5,10,3.0,0.0,1.0,0.003224688582122326,
170,1,0.5,137342,212,145,136,4.0,4.0,10,6.0,0.0,1.0,0.0003085255448240787,
171,1,0.5,182032,153,109,65,5.0,5.0,10,4.0,0.0,1.0,0.0023997826501727104,
172,1,0.5,165319,156,96,62,5.0,4.5,10,3.0,0.0,1.0,0.003097706474363804,
173,1,0.5,124020,41,39,8,5.0,2.0,10,2.0,1.0,1.0,2.9802322387695312e-08,score_plateau_topk
174,1,0.5,150934,237,112,72,5.0,4.0,10,2.0,1.0,1.0,0.0012982842745259404,easy_bias_vs_history
175,1,0.5,148264,83,77,56,4.0,4.0,10,6.0,0.0,1.0,0.0,score_plateau_topk
176,1,0.5,127010,110,74,35,4.5,4.0,10,2.0,0.8,1.0,0.00046108674723654985,easy_bias_vs_history
177,1,0.5,154176,147,105,79,5.0,5.0,10,5.0,0.0,1.0,0.0003626256948336959,
178,1,0.5,148455,92,81,45,5.0,4.0,10,4.0,0.0,1.0,0.00018187760724686086,
179,1,0.5,130538,85,74,36,5.0,5.0,10,4.0,0.0,1.0,0.0,score_plateau_topk
180,1,0.5,156922,212,107,58,5.0,4.0,10,1.0,0.9,1.0,0.0018290430307388306,easy_bias_vs_history
181,1,0.5,130748,117,106,88,5.0,5.0,10,7.0,0.0,1.0,0.004396307282149792,
182,1,0.5,143135,101,91,75,4.0,4.0,10,7.0,0.0,1.0,0.004632330033928156,
183,1,0.5,138578,139,113,88,5.0,5.0,10,6.0,0.0,1.0,0.00025857388391159475,
184,1,0.5,143357,117,105,95,4.0,4.0,10,7.0,0.0,1.0,2.9802322387695312e-08,score_plateau_topk
185,1,0.5,134965,218,144,126,5.0,5.0,10,5.0,0.0,1.0,0.0,score_plateau_topk
186,1,0.5,144460,222,140,131,5.0,5.0,10,5.5,0.0,1.0,0.01845850609242916,
187,1,0.5,147927,146,122,80,5.0,4.0,10,4.0,0.0,1.0,0.014058833941817284,
188,1,0.5,119147,57,48,17,5.0,5.0,10,3.0,0.0,1.0,0.0032442959491163492,
189,1,0.5,162565,130,80,42,4.0,4.0,10,2.0,1.0,1.0,2.9802322387695312e-08,"easy_bias_vs_history,score_plateau_topk"
190,1,0.5,155000,122,84,27,5.0,5.0,10,2.0,1.0,1.0,0.029044050723314285,easy_bias_vs_history
191,1,0.5,179709,103,95,60,5.0,4.0,10,5.0,0.0,1.0,0.0,score_plateau_topk
192,1,0.5,148047,133,86,43,5.0,5.0,10,2.0,1.0,1.0,2.9802322387695312e-08,"easy_bias_vs_history,score_plateau_topk"
193,1,0.5,135106,193,95,58,5.0,5.0,10,2.0,1.0,1.0,0.0012875241227447987,easy_bias_vs_history
194,1,0.5,150542,71,59,22,4.0,2.0,10,3.0,0.0,1.0,0.0025198720395565033,
195,1,0.5,145979,155,102,55,4.0,4.0,10,3.0,0.0,1.0,0.003496530232951045,
196,1,0.5,134038,215,115,71,5.0,4.0,10,2.0,0.8,1.0,0.0016011357074603438,easy_bias_vs_history
197,1,0.5,146860,145,86,33,5.0,5.0,10,1.0,1.0,1.0,0.0010630398755893111,easy_bias_vs_history
198,1,0.5,163089,66,59,31,5.0,4.0,10,4.0,0.0,1.0,0.001096701598726213,
199,1,0.5,161823,126,81,39,5.0,3.0,10,2.0,0.9,1.0,0.0005040675168856978,
200,1,0.5,145352,189,112,88,4.0,4.0,10,4.0,0.0,1.0,0.0003626435936894268,
201,1,0.5,156444,163,118,84,4.0,4.0,10,5.0,0.0,1.0,0.004651004448533058,
202,1,0.5,139904,135,103,78,5.0,5.0,10,5.0,0.0,1.0,2.9802322387695312e-08,score_plateau_topk
203,1,0.5,142610,143,124,105,4.0,4.0,10,6.0,0.0,1.0,0.01417927723377943,
204,1,0.5,146167,187,128,95,5.0,4.0,10,4.0,0.0,1.0,0.0,score_plateau_topk
205,1,0.5,154156,128,90,48,5.0,4.0,10,3.0,0.0,1.0,0.002520595211535692,
206,1,0.5,138020,157,110,80,4.5,4.0,10,4.0,0.0,1.0,0.0,score_plateau_topk
207,1,0.5,163454,55,50,18,4.0,4.0,10,3.0,0.0,1.0,5.960464477539063e-08,score_plateau_topk
208,1,0.5,140211,147,123,88,6.0,5.0,10,5.0,0.0,1.0,0.0008072376367636025,
209,1,0.5,162610,186,130,104,5.0,5.0,10,5.0,0.0,1.0,0.0,score_plateau_topk
210,1,0.5,135336,181,103,59,5.0,4.0,10,2.0,1.0,1.0,2.9802322387695312e-08,"easy_bias_vs_history,score_plateau_topk"
211,1,0.5,159752,127,101,71,4.0,4.0,10,5.0,0.0,1.0,0.0007493734010495245,
212,1,0.5,147533,190,132,112,5.0,5.0,10,5.0,0.0,1.0,2.9802322387695312e-08,score_plateau_topk
213,1,0.5,149147,137,123,100,5.0,4.5,10,6.0,0.0,1.0,0.0,score_plateau_topk
214,1,0.5,152363,120,93,71,5.0,5.0,10,5.0,0.0,1.0,0.017367765307426453,
215,1,0.5,147193,139,94,56,5.0,4.0,10,3.0,0.0,1.0,0.0,score_plateau_topk
216,1,0.5,156245,205,116,69,5.0,4.0,10,2.0,1.0,1.0,0.0,"easy_bias_vs_history,score_plateau_topk"
217,1,0.5,149739,167,100,68,5.0,5.0,10,3.0,0.0,1.0,0.0,score_plateau_topk
218,1,0.5,145250,167,121,87,4.0,3.0,10,4.0,0.0,1.0,0.0,score_plateau_topk
219,1,0.5,152281,178,127,90,5.0,4.0,10,4.0,0.0,1.0,2.9802322387695312e-08,score_plateau_topk
220,1,0.5,175178,91,79,45,5.0,5.0,10,4.0,0.0,1.0,0.0009641915094107389,
221,1,0.5,167269,257,137,119,5.0,5.0,10,4.0,0.0,1.0,2.9802322387695312e-08,score_plateau_topk
222,1,0.5,147914,229,124,106,5.0,5.0,10,4.0,0.0,1.0,0.00036266149254515767,
223,1,0.5,136371,157,97,46,5.0,5.0,10,2.0,1.0,1.0,2.9802322387695312e-08,"easy_bias_vs_history,score_plateau_topk"
224,1,0.5,145000,143,113,88,5.0,4.5,10,6.0,0.0,1.0,0.005309943575412035,
225,1,0.5,149821,205,115,69,5.0,4.0,10,2.0,1.0,1.0,2.9802322387695312e-08,"easy_bias_vs_history,score_plateau_topk"
226,1,0.5,141165,147,122,102,5.0,5.0,10,6.0,0.0,1.0,0.0001744478940963745,
227,1,0.5,163511,237,142,99,4.5,4.0,10,3.0,0.0,1.0,0.00043078960152342916,
228,1,0.5,142626,125,110,93,5.0,5.0,10,6.0,0.0,1.0,0.01419005449861288,
229,1,0.5,140090,177,118,92,4.0,4.0,10,4.0,0.0,1.0,2.9802322387695312e-08,score_plateau_topk
230,1,0.5,143334,119,100,78,4.0,4.0,10,5.5,0.0,1.0,0.017121821641921997,
231,1,0.5,166199,90,65,38,5.0,4.5,10,3.0,0.0,1.0,2.9802322387695312e-08,score_plateau_topk
232,1,0.5,148664,161,111,80,5.0,5.0,10,4.0,0.0,1.0,0.0,score_plateau_topk
233,1,0.5,151674,139,91,44,5.0,4.0,10,2.0,1.0,1.0,2.9802322387695312e-08,"easy_bias_vs_history,score_plateau_topk"
234,1,0.5,150075,169,116,83,6.0,5.0,10,4.0,0.0,1.0,2.9802322387695312e-08,score_plateau_topk
235,1,0.5,155921,167,127,104,5.0,5.0,10,6.0,0.0,1.0,0.0002587616618257016,
236,1,0.5,140626,111,79,31,5.0,4.0,10,2.0,1.0,1.0,0.0010691219940781593,easy_bias_vs_history
237,1,0.5,171128,96,92,64,5.0,5.0,10,6.0,0.0,1.0,2.9802322387695312e-08,score_plateau_topk
238,1,0.5,147715,135,111,96,4.0,4.0,10,6.0,0.0,1.0,2.9802322387695312e-08,score_plateau_topk
239,1,0.5,137856,91,78,49,4.5,4.0,10,4.0,0.0,1.0,0.0,score_plateau_topk
240,1,0.5,159887,220,148,141,4.0,4.0,10,6.0,0.0,1.0,0.0,score_plateau_topk
241,1,0.5,137791,110,87,43,5.0,5.0,10,4.0,0.0,1.0,0.002433815272524953,
242,1,0.5,153180,103,83,45,5.0,4.0,10,4.0,0.0,1.0,0.002409754553809762,
243,1,0.5,151395,113,101,86,5.0,4.0,10,7.0,0.0,1.0,0.0,score_plateau_topk
244,1,0.5,153881,160,125,107,5.0,4.0,10,6.0,0.0,1.0,5.960464477539063e-08,score_plateau_topk
245,1,0.5,159527,131,82,34,4.0,4.0,10,1.0,1.0,1.0,0.0026097651571035385,easy_bias_vs_history
246,1,0.5,141394,133,113,81,5.0,4.0,10,5.0,0.0,1.0,0.0,score_plateau_topk
247,1,0.5,150533,158,117,98,4.0,4.0,10,6.0,0.0,1.0,0.0053217606619000435,
248,1,0.5,154303,161,98,62,4.0,2.0,10,2.0,0.9,1.0,0.0011169969802722335,
249,1,0.5,156446,136,115,85,5.0,5.0,10,6.0,0.0,1.0,0.005310533568263054,
250,1,0.5,175205,190,120,83,5.0,4.0,10,3.0,0.0,1.0,0.013783219270408154,
251,1,0.5,154061,241,131,82,5.0,5.0,10,2.0,1.0,1.0,0.0,"easy_bias_vs_history,score_plateau_topk"
252,1,0.5,170413,273,137,114,5.0,5.0,10,3.0,0.0,1.0,2.9802322387695312e-08,score_plateau_topk
253,1,0.5,155660,179,99,39,5.0,4.0,10,2.0,0.9,0.7,0.08124091476202011,easy_bias_vs_history
254,1,0.5,150159,171,91,59,5.0,4.0,10,2.0,1.0,1.0,0.0,"easy_bias_vs_history,score_plateau_topk"
255,1,0.5,141352,143,128,121,4.0,3.0,10,7.0,0.0,1.0,2.9802322387695312e-08,score_plateau_topk
256,1,0.5,142311,211,140,135,5.0,5.0,10,6.0,0.0,1.0,0.00016650784527882934,
257,1,0.5,155301,191,154,144,5.0,5.0,10,7.0,0.0,1.0,0.001580849289894104,
258,1,0.5,141739,85,79,44,5.0,4.5,10,5.0,0.0,1.0,0.0046474202536046505,
259,1,0.5,151289,131,82,40,5.0,3.0,10,2.0,1.0,1.0,2.9802322387695312e-08,score_plateau_topk
260,1,0.5,165668,137,98,57,5.0,4.0,10,4.0,0.0,1.0,0.002393714850768447,
261,1,0.5,153494,74,60,32,4.0,4.0,10,4.0,0.0,1.0,0.00016809208318591118,
262,1,0.5,155350,103,89,68,4.0,4.0,10,5.0,0.0,1.0,0.016258511692285538,
263,1,0.5,158352,97,74,37,5.0,4.0,10,3.0,0.0,1.0,2.9802322387695312e-08,score_plateau_topk
264,1,0.5,129782,115,76,22,5.0,4.0,10,1.0,1.0,1.0,0.006890141870826483,easy_bias_vs_history
265,1,0.5,132457,117,87,47,5.0,4.0,10,3.0,0.0,1.0,0.0014684975612908602,
266,1,0.5,166609,116,107,83,4.0,4.0,10,6.0,0.0,1.0,0.0,score_plateau_topk
267,1,0.5,159610,168,109,80,5.0,4.5,10,4.0,0.0,1.0,3.7998254356352845e-06,score_plateau_topk
268,1,0.5,121617,253,98,75,4.0,4.0,10,3.0,0.0,1.0,0.0032253609970211983,
269,1,0.5,136490,54,52,18,4.0,3.5,10,3.0,0.0,1.0,2.9802322387695312e-08,score_plateau_topk
270,1,0.5,150837,181,135,113,5.0,5.0,10,6.0,0.0,1.0,0.005335707683116198,
271,1,0.5,154744,163,96,41,4.0,4.0,10,1.0,1.0,1.0,0.0,"easy_bias_vs_history,score_plateau_topk"
272,1,0.5,130345,115,88,61,4.0,4.0,10,4.0,0.0,1.0,0.0,score_plateau_topk
273,1,0.5,151405,211,111,66,5.0,5.0,10,2.0,1.0,1.0,0.0012905462644994259,easy_bias_vs_history
274,1,0.5,159830,179,95,45,5.0,4.0,10,1.0,0.9,1.0,0.005135965533554554,easy_bias_vs_history
275,1,0.5,137687,152,89,38,5.0,5.0,10,1.0,1.0,1.0,0.0027647139504551888,easy_bias_vs_history
276,1,0.5,155157,129,106,92,5.0,5.0,10,7.0,0.0,1.0,0.004388189408928156,
277,1,0.5,144564,161,95,45,5.0,5.0,10,2.0,1.0,1.0,0.0012959190644323826,easy_bias_vs_history
278,1,0.5,141622,141,115,83,5.0,4.0,10,5.0,0.0,1.0,2.9802322387695312e-08,score_plateau_topk
279,1,0.5,145036,113,105,77,5.0,4.0,10,6.0,0.0,1.0,0.0006413351511582732,
280,1,0.5,144035,83,74,48,4.0,3.5,10,5.0,0.0,1.0,0.0009219575440511107,
281,1,0.5,161556,235,139,111,5.0,5.0,10,4.0,0.0,1.0,0.0006150649860501289,
282,1,0.5,159082,133,94,42,5.0,4.5,10,2.0,1.0,1.0,0.0,"easy_bias_vs_history,score_plateau_topk"
283,1,0.5,163377,99,95,80,4.0,4.0,10,7.0,0.0,1.0,0.0008650137460790575,
284,1,0.5,147801,187,111,71,4.0,4.0,10,3.0,0.0,1.0,0.003167682560160756,
285,1,0.5,153596,259,130,114,5.0,5.0,10,4.0,0.0,1.0,0.0023879397194832563,
286,1,0.5,139082,203,156,148,5.0,5.0,10,7.0,0.0,1.0,2.9802322387695312e-08,score_plateau_topk
287,1,0.5,151798,121,83,45,4.0,3.0,10,3.0,0.0,1.0,0.0022004027850925922,
288,1,0.5,136247,71,57,21,5.0,4.0,10,3.0,0.0,1.0,0.0028824445325881243,
289,1,0.5,146547,81,62,29,5.0,4.0,10,3.0,0.0,1.0,0.00323684373870492,
290,1,0.5,134881,213,151,142,5.0,5.0,10,6.0,0.0,1.0,0.0001744776964187622,
291,1,0.5,152588,229,140,126,5.0,5.0,10,5.0,0.0,1.0,2.9802322387695312e-08,score_plateau_topk
292,1,0.5,162397,187,145,114,4.0,4.0,10,5.0,0.0,1.0,2.9802322387695312e-08,score_plateau_topk
293,1,0.5,150335,111,97,73,5.0,5.0,10,6.0,0.0,1.0,0.0004519559442996979,
294,1,0.5,161045,158,132,126,4.0,4.0,10,7.0,0.0,1.0,2.9802322387695312e-08,score_plateau_topk
295,1,0.5,162620,91,78,38,4.0,4.0,10,4.0,0.0,1.0,0.00036271513090468943,
296,1,0.5,154317,185,145,125,5.0,5.0,10,6.0,0.0,1.0,0.0,score_plateau_topk
297,1,0.5,152557,225,150,141,4.5,4.0,10,6.0,0.0,1.0,0.000281541928416118,
298,1,0.5,161415,217,126,110,4.0,4.0,10,4.0,0.0,1.0,2.9802322387695312e-08,score_plateau_topk
299,1,0.5,158168,115,93,70,4.0,4.0,10,5.0,0.0,1.0,2.9802322387695312e-08,score_plateau_topk
300,1,0.5,175355,129,82,39,5.0,4.0,10,2.0,1.0,1.0,0.0002846956194844097,easy_bias_vs_history
